Town,County,Country
Heybridge,Essex,England
Stowmarket,Suffolk,England
Sudbury,Suffolk,England
Woodbridge,Suffolk,England
Ashford,Surrey,England
Beltchingley,Surrey,England
Camberley,Surrey,England
Chertsey,Surrey,England
Stratford upon Avon,Warwickshire,England
Warwick,Warwickshire,England
Whitnash,Warwickshire,England
Garforth,West Yorkshire,England
Guiseley,West Yorkshire,England
Halifax,West Yorkshire,England
Tenbury Wells,Worcestershire,England
Upton upon Severn,Worcestershire,England
Worcester,Worcestershire,England
Antrim,County Antrim,Northern Ireland
Ballycastle,County Antrim,Northern Ireland
Cookstown,County Tyrone,Northern Ireland
Dungannon,County Tyrone,Northern Ireland
Fintona,County Tyrone,Northern Ireland
Fivemiletown,County Tyrone,Northern Ireland
Omagh,County Tyrone,Northern Ireland
Strabane,County Tyrone,Northern Ireland
Oldmeldrum,Aberdeenshire,Scotland
Peterhead,Aberdeenshire,Scotland
Portlethen,Aberdeenshire,Scotland
Turriff,Aberdeenshire,Scotland
Westhill,Aberdeenshire,Scotland
Arbroath,Angus,Scotland
Brechin,Angus,Scotland
Carnoustie,Angus,Scotland
Forfar,Angus,Scotland
Kirriemuir,Angus,Scotland
Monifieth,Angus,Scotland
Montrose,Angus,Scotland
Alloa,Clackmannanshire,Scotland
Alva,Clackmannanshire,Scotland
Clackmannan,Clackmannanshire,Scotland
Dollar,Clackmannanshire,Scotland
Menstrie,Clackmannanshire,Scotland
Tillicoultry,Clackmannanshire,Scotland
Tullibody,Clackmannanshire,Scotland
Annan,Dumfries and Galloway,Scotland
Thornhill,Dumfries and Galloway,Scotland
Wigtown,Dumfries and Galloway,Scotland
Dundee,Dundee,Scotland
Cockenzie and Port Seton,East Lothian,Scotland
Dunbar,East Lothian,Scotland
Haddington,East Lothian,Scotland
Musselburgh,East Lothian,Scotland
North Berwick,East Lothian,Scotland
Prestonpans,East Lothian,Scotland
Tranent,East Lothian,Scotland
Edinburgh?,Edinburgh?,Scotland
Airth,Falkirk,Scotland
Grangemouth,Falkirk,Scotland
Larbert,Falkirk,Scotland
Stenhousemuir,Falkirk,Scotland
Anstruther,Fife,Scotland
Auchtermuchty,Fife,Scotland
Balcurvie,Fife,Scotland
Woodhaven,Fife,Scotland
Wormit,Fife,Scotland
Alness,Highlands,Scotland
Aviemore,Highlands,Scotland
Brora,Highlands,Scotland
Cromarty,Highlands,Scotland
Loanhead,Lothian,Scotland
Musselburgh,Lothian,Scotland
North Berwick,Lothian,Scotland
Penicuik,Lothian,Scotland
Buckie,Moray,Scotland
Cullen,Moray,Scotland
Dufftown,Moray,Scotland
Elgin,Moray,Scotland
Forres,Moray,Scotland
Keith,Moray,Scotland
Lossiemouth,Moray,Scotland
Aberfeldy,Perth and Kinross,Scotland
Auchterarder,Perth and Kinross,Scotland
Birnam,Perth and Kinross,Scotland
Blackford,Perth and Kinross,Scotland
Blair Atholl,Perth and Kinross,Scotland
Newtown St Boswells,Scottish Borders,Scotland
Peebles,Scottish Borders,Scotland
Selkirk,Scottish Borders,Scotland
Bridge of Allan,Stirlingshire,Scotland
Callander,Stirlingshire,Scotland
Doune,Stirlingshire,Scotland
Dunblane,Stirlingshire,Scotland
Stirling,Stirlingshire,Scotland
Airdrie,Strathclyde,Scotland
Ayr,Strathclyde,Scotland
Barrhead,Strathclyde,Scotland
Paisley,Strathclyde,Scotland
Prestwick,Strathclyde,Scotland
Rothesay,Strathclyde,Scotland
Rutherglen,Strathclyde,Scotland
Saltcoats,Strathclyde,Scotland
Tobermory,Strathclyde,Scotland
Troon,Strathclyde,Scotland
Armadale,West Lothian,Scotland
Ballencrieff,West Lothian,Scotland
Bathgate,West Lothian,Scotland
Blackburn,West Lothian,Scotland
Blackridge,West Lothian,Scotland
Bridgend,West Lothian,Scotland
Broxburn,West Lothian,Scotland
East Calder,West Lothian,Scotland
Linlithgow,West Lothian,Scotland
Livingston,West Lothian,Scotland
Stoneyburn,West Lothian,Scotland
Whitburn,West Lothian,Scotland
Kirkwall,Western Isles,Scotland
Lerwick,Western Isles,Scotland
Stornoway,Western Isles,Scotland
Amlwch,Anglesey,Wales
Beaumaris,Anglesey,Wales
Benllech,Anglesey,Wales
Colwyn Bay,Conwy,Wales
Conwy,Conwy,Wales
Deganwy,Conwy,Wales
Llandudno,Conwy,Wales
Llandudno Junction,Conwy,Wales
Cowbridge,South Glamorgan,Wales
Llantwit Major,South Glamorgan,Wales
Penarth,South Glamorgan,Wales
Gorseinon,West Glamorgan,Wales
Lliw Valey,West Glamorgan,Wales
Neath,West Glamorgan,Wales
Port Talbot,West Glamorgan,Wales
Swansea,West Glamorgan,Wales
Chirk,Wrexham,Wales
Overton on Dee,Wrexham,Wales
Rhosllannerchrugog,Wrexham,Wales
Rhosnesni,Wrexham,Wales
Wrexham,Wrexham,Wales